StoreID,ZipCode,Location
148305,66353,Thornby Quay South
590955,14893,Hinricher Lane
404804,88487,West Winsley Mount
443635,44259,Boulder Alley
702715,45770,Leroy Bay
882424,84848,West Mund Mall
607065,17533,South Tolworth Lane
522440,40577,Wonder View
673345,43781,Sulby Promenade
404511,43538,North Bess View
960908,45312,East Franklin Canyon
466223,70468,North Polygon Trace
448925,34117,East Legett Byway
142454,61590,Jannali Loop
804695,91744,Hemswell Court Southeast
288611,38327,Zachery Avenue
589048,14349,West Deviar Hill
966294,18853,Robert Post
524174,20311,Northwest Ainsbury Drive
181490,84067,East Chapparal Path
785823,70501,Southwest Pepper Ridge
443998,24199,Waldorf Forest
581317,72348,Cape McKinsey Green South
114245,31314,Lois Garth
363659,83996,West Cielito Drive
377751,64229,Terrane Canyon Southeast
287694,17912,Del Ganado
432809,94367,East Sarazen Terrace
822618,85974,Richardson Turnpike
670192,99096,Altamont Oval
444644,44352,North Old Barnaby Canyon
772820,59637,West Hogback Knoll
534432,67565,Norland Arch
928555,51956,Hawkview Heights
118198,91802,Breitweiser Path
425097,99623,Southeast Monte Rio Alley
469352,64212,South Dickerman Square
358529,94525,South Wodecroft Cove
724764,81099,Iliad View
736723,64606,Linn White Green Northeast
888782,14963,East Komirra Croft
616449,11098,Longwick Rise
354895,32266,Patrick Row
760678,73365,West Stockton Court
839413,38477,Northeast Sybaris Lane
713182,33600,North Golden Harvest
518094,89913,East Windblown Townline
450854,77773,East Othello Mews
178646,19992,Gallows Green West
760662,76783,Ponderosa Passage
560668,21961,East Cambridge Park
776109,59932,Sundon Park Trail
294807,64484,Tingha Quadrant
281863,97255,West Willowthree Trace
166459,59146,Estudillo Pathway
969646,16131,North Beamont Heights
526412,67106,Wolfe Hill Gardens North
171655,34609,Gosnell Terrace Southeast
876688,18745,North Maybell Pathway
482362,60314,Tydeman Hill East
830803,28403,Southwest Kalliam Oval
774625,36860,Larchmont Rise
684872,60448,Creekview Meadow
782289,19675,South Fairbourne Boulevard
292125,12943,Teets Causeway
731888,62749,South Standfill Way
821984,50897,Northwest Back Yates Boulevard
991443,22540,North Ralphs Mall
999671,77186,Standrich Square
338434,32507,Sleepy Ridge
103110,16887,Vivian Adams Southwest
928673,76730,Fichter Alley
940344,18504,Southwest Jericho Canyon
527411,31235,Ivytown Townline
269705,67956,West Vermulen View
129625,53543,Labranza Townline
442715,90454,West Stoney Bottom
944150,75204,Northwest Merrie Mill Close
485885,16248,Fiona Quadrant North
785942,53763,East Ebbetts Pass Bay
386544,89629,West Gravel Hill Promenade
727639,17335,West Lower Warren Row
298775,96812,Ransell Path
132763,44784,Donovans Hill Mall South
808799,56248,Newton Falls
858679,28898,Bencich Arcade
721631,53343,Jandus Cut Off South
716673,21186,High Country Alley
221008,87788,Whitlock Road
903619,79271,Purfield Bay
569818,11109,Holly Spring North
557004,14996,West Box Office Dell
359416,50921,Fortfield Arch
528290,67412,Southwest Fairlands Gate
651653,29890,Vivian Adams Court
265820,90616,De Chair Place
290465,56109,Southwest Stony Point Pike
525143,91597,Twiss Gate South
573340,10165,Trading Croft South
172444,58971,Saddle Hill Quadrant
319240,79439,North Parkwest Gardens
726321,59664,Bunting Promenade North
966201,47775,Larpent Causeway
463739,13493,Southeast Branston Promenade
979541,37474,Hilloway Plaza East
878758,60206,Southwest Lenten Townline
897258,86208,North Bard Crescent
865163,57701,Paper Mill
956181,27131,South Seranade Quay
759319,11144,South Tongham Place
286541,36649,Jyra Byway
701960,43391,Reedsfield Spur
426500,44328,Mc Cracken Pike South
554291,70512,Midden Path
298215,40023,Cherston Quadrant North
538041,68738,West Styal Route
113394,48167,Spring Brook Gardens
199594,94208,East Sego Trace
112303,78914,Cohill Knoll
201314,58551,Tippin Cove
905637,33608,Huntress Mews East
661369,28417,West Streamside Walk
299070,60391,Major Appleby
843517,13758,Winterslow Lane Northwest
421340,86425,South Electric Square
957374,30343,Waverly Crossing
294024,37265,Holkham Row East
354570,66672,North Whiley Park
637684,34151,South Swallows Nest
387478,14271,Northwest Needleleaf Turnpike
719350,39630,Strivens Lawn
539096,20749,June Hollow
443753,87393,Gurnells Arcade Northwest
669530,79361,Mount Zion
434373,33551,Holmbush Trace
353061,69677,Lower Boyle
735328,79288,Rays Close Southeast
888940,21705,South Feather Rock
529114,95891,Browns Valley Circle
669103,82152,Northwest Connors Grade
858700,10040,Critten Mews South
888845,53357,Old Faith
691163,58965,Southwest Valley View Manor
965512,89801,Wennamacher Cove
569098,32129,South Kravchenok Parkway
213930,76270,Flint Meadow
362228,12652,West Mores Circle
204341,56024,Tandle Hill Road
321224,25939,Cornells Alley
181758,91829,Richton Rise
419341,18646,Ryburn Arch
215518,28481,North Charredwood Manor
989885,44242,Northwest Almaz Manor
434601,91956,Stickman Spur
463876,36331,Spencerville Lane
290179,24496,Saint Oswald’s Croft
527121,66751,East Chinnock Green
598597,23165,Rookwood Byway South
479493,55200,Upper Teddington West
415132,29132,Susan Walk West
812513,95068,Longdale Road
734127,73715,Passel Canyon
253908,65499,East Knights Nook
557521,37715,Daria Gate
226800,99069,Two Penny Terrace
650423,89893,Caldecot Plaza
628909,77592,Cedrela Arcade
527602,20348,Northwest Darley Passage
486662,12519,East Oldhill Gardens
221977,74326,Janas Townline
464611,31710,Upper Broadmoor Mews Southwest
341384,54102,Lash Larue Dell
512873,76818,Northwest Wynridge Vale
655379,62148,East Silentree Gate
794037,25549,Minocqua Lawn West
853833,13267,Govett Heights North
397813,72804,Beacon Heights West
249445,82970,Ferson Creek East
723435,96252,Locke Gardens West
404862,97458,Old Whitley Wood East
177364,60571,Alpine Beach
336588,36436,Scrivens Walk
739940,33353,Lace Square
333516,45156,Northeast Sanspareil Canyon
577951,35907,Upper Anstey
790296,26090,Kathleene Grove West
474992,76185,Upsala Parkway
177613,43441,South Chilaw Route
673862,51921,Letter Box Lawn
874041,11454,Raydons Nook
903518,38462,North Diavila Promenade
285323,43693,Wandon Parkway
461195,52891,East Haire Lawn
734393,59712,West Kennard Loop
961982,77543,Southeast Yanko Route
614063,37759,Nebrentwood Canyon
518050,75308,Clavel Townline East
499484,51603,Southwest Kidderpore Plaza
717592,10438,North Panoz Grove
255286,31465,Old Barrington Road
998879,91354,Ryburns Arche
967146,28609,North Heritage Farms Passage
737359,20768,Southwest Kendra Canyon
583912,61371,Northeast Hickory Hill Bypass
470731,49740,Madera Canyon East
962983,32101,Ribchester Garth
229743,99265,North Bokel Grove
410967,46074,Acampo Close
497869,49901,East Lankester Parker Arcade
433625,51420,Northeast Menotti Spur
919847,98049,Bella Passage
341995,99449,Northeast Billeroy Park
577349,85754,Northwest Evian Passage
202393,60440,East Peake New
833522,34315,North Generation Row
407798,75166,Dehart Passage
890772,34959,Rosemoor Quadrant
494611,87723,Northeast Belmont Grove Trail
783608,28217,Aspen Willow Gardens
450744,85922,North Yala Gardens
646962,91661,East Mitchells Passage
770366,82253,North Glenwari Spur
756112,60226,Huggins Passage
360990,30402,Sola Trace
924447,30938,South Ovington Place
676094,95531,Pond Home
705373,26545,North Oxley Shaw
131622,78554,Wellingford Park West
146514,54282,Pallingham Lawn
697545,73834,Clendenin Nook
678300,57442,Capitol Raceway
368493,25376,Hunken Quadrant
103000,40332,Southwest Turn Row
191206,75461,Brauer Passage
627912,35682,Erie Drive
272890,26592,South Lynn Forest Green
634621,64690,Bendlowes Circle Northwest
167877,92712,Wigginton Dell
195755,15217,Trueloves Croft Northwest
418906,64087,Sessions Gate
468403,54906,Sharon Grove South
858833,23546,East Crystal Park Trail
406802,93055,West Barsenden Row
870076,27705,Alderford Townline
735295,57042,Southwest Siddall Plaza
977024,88142,Southwest Haire Crescent
913185,37252,Hazelbridge Close
622704,48962,Northwest Callingdon Gardens
807461,14579,East Pleasant Grove School
290136,53910,West Long Hill
,,
